CREATE DATABASE  IF NOT EXISTS `genericdwh` /*!40100 DEFAULT CHARACTER SET utf8 */;
USE `genericdwh`;
-- MySQL dump 10.13  Distrib 5.6.10, for Win64 (x86_64)
--
-- Host: localhost    Database: becker_warehouse
-- ------------------------------------------------------
-- Server version	5.6.10-log

/*!40101 SET @OLD_CHARACTER_SET_CLIENT=@@CHARACTER_SET_CLIENT */;
/*!40101 SET @OLD_CHARACTER_SET_RESULTS=@@CHARACTER_SET_RESULTS */;
/*!40101 SET @OLD_COLLATION_CONNECTION=@@COLLATION_CONNECTION */;
/*!40101 SET NAMES utf8 */;
/*!40103 SET @OLD_TIME_ZONE=@@TIME_ZONE */;
/*!40103 SET TIME_ZONE='+00:00' */;
/*!40014 SET @OLD_UNIQUE_CHECKS=@@UNIQUE_CHECKS, UNIQUE_CHECKS=0 */;
/*!40014 SET @OLD_FOREIGN_KEY_CHECKS=@@FOREIGN_KEY_CHECKS, FOREIGN_KEY_CHECKS=0 */;
/*!40101 SET @OLD_SQL_MODE=@@SQL_MODE, SQL_MODE='NO_AUTO_VALUE_ON_ZERO' */;
/*!40111 SET @OLD_SQL_NOTES=@@SQL_NOTES, SQL_NOTES=0 */;

--
-- Table structure for table `dimension`
--

DROP TABLE IF EXISTS `dimension`;
/*!40101 SET @saved_cs_client     = @@character_set_client */;
/*!40101 SET character_set_client = utf8 */;
CREATE TABLE `dimension` (
  `id` bigint(20) NOT NULL AUTO_INCREMENT,
  `name` text NOT NULL,
  PRIMARY KEY (`id`),
  FULLTEXT KEY `name` (`name`)
) ENGINE=InnoDB AUTO_INCREMENT=23 DEFAULT CHARSET=utf8;
/*!40101 SET character_set_client = @saved_cs_client */;

--
-- Dumping data for table `dimension`
--

LOCK TABLES `dimension` WRITE;
/*!40000 ALTER TABLE `dimension` DISABLE KEYS */;
INSERT INTO `dimension` VALUES (16,'Jahr'),(17,'Monat'),(18,'Tag'),(19,'Kunde'),(20,'Personal'),(21,'Produkt'),(22,'Produkt.Kunde.Personal.Monat');
/*!40000 ALTER TABLE `dimension` ENABLE KEYS */;
UNLOCK TABLES;

--
-- Table structure for table `dimension_combination`
--

DROP TABLE IF EXISTS `dimension_combination`;
/*!40101 SET @saved_cs_client     = @@character_set_client */;
/*!40101 SET character_set_client = utf8 */;
CREATE TABLE `dimension_combination` (
  `aggregate_id` bigint(20) NOT NULL,
  `component_id` bigint(20) NOT NULL,
  PRIMARY KEY (`aggregate_id`,`component_id`),
  KEY `aggregate_dimension_idx` (`aggregate_id`),
  KEY `component_dimension_idx` (`component_id`),
  CONSTRAINT `aggregate_dimension` FOREIGN KEY (`aggregate_id`) REFERENCES `dimension` (`id`) ON DELETE CASCADE ON UPDATE NO ACTION,
  CONSTRAINT `component_dimension` FOREIGN KEY (`component_id`) REFERENCES `dimension` (`id`) ON DELETE CASCADE ON UPDATE NO ACTION
) ENGINE=InnoDB DEFAULT CHARSET=utf8;
/*!40101 SET character_set_client = @saved_cs_client */;

--
-- Dumping data for table `dimension_combination`
--

LOCK TABLES `dimension_combination` WRITE;
/*!40000 ALTER TABLE `dimension_combination` DISABLE KEYS */;
INSERT INTO `dimension_combination` VALUES (22,17),(22,19),(22,20),(22,21);
/*!40000 ALTER TABLE `dimension_combination` ENABLE KEYS */;
UNLOCK TABLES;

--
-- Table structure for table `dimension_hierarchy`
--

DROP TABLE IF EXISTS `dimension_hierarchy`;
/*!40101 SET @saved_cs_client     = @@character_set_client */;
/*!40101 SET character_set_client = utf8 */;
CREATE TABLE `dimension_hierarchy` (
  `parent_id` bigint(20) NOT NULL,
  `child_id` bigint(20) NOT NULL,
  PRIMARY KEY (`parent_id`,`child_id`),
  KEY `parent_dimension_idx` (`parent_id`),
  KEY `child_dimension_idx` (`child_id`),
  CONSTRAINT `child_dimension` FOREIGN KEY (`child_id`) REFERENCES `dimension` (`id`) ON DELETE CASCADE ON UPDATE NO ACTION,
  CONSTRAINT `parent_dimension` FOREIGN KEY (`parent_id`) REFERENCES `dimension` (`id`) ON DELETE CASCADE ON UPDATE NO ACTION
) ENGINE=InnoDB DEFAULT CHARSET=utf8;
/*!40101 SET character_set_client = @saved_cs_client */;

--
-- Dumping data for table `dimension_hierarchy`
--

LOCK TABLES `dimension_hierarchy` WRITE;
/*!40000 ALTER TABLE `dimension_hierarchy` DISABLE KEYS */;
INSERT INTO `dimension_hierarchy` VALUES (16,17),(17,18);
/*!40000 ALTER TABLE `dimension_hierarchy` ENABLE KEYS */;
UNLOCK TABLES;

--
-- Table structure for table `fact`
--

DROP TABLE IF EXISTS `fact`;
/*!40101 SET @saved_cs_client     = @@character_set_client */;
/*!40101 SET character_set_client = utf8 */;
CREATE TABLE `fact` (
  `ratio_id` bigint(20) NOT NULL,
  `reference_object_id` bigint(20) NOT NULL,
  `value` double NOT NULL,
  PRIMARY KEY (`ratio_id`,`reference_object_id`),
  KEY `ratio_idx` (`ratio_id`),
  KEY `reference_object_idx` (`reference_object_id`),
  KEY `value` (`value`),
  CONSTRAINT `ratio` FOREIGN KEY (`ratio_id`) REFERENCES `ratio` (`id`) ON DELETE CASCADE ON UPDATE NO ACTION,
  CONSTRAINT `reference_object` FOREIGN KEY (`reference_object_id`) REFERENCES `reference_object` (`id`) ON DELETE CASCADE ON UPDATE NO ACTION
) ENGINE=InnoDB DEFAULT CHARSET=utf8;
/*!40101 SET character_set_client = @saved_cs_client */;

--
-- Dumping data for table `fact`
--

LOCK TABLES `fact` WRITE;
/*!40000 ALTER TABLE `fact` DISABLE KEYS */;
INSERT INTO `fact` VALUES (1,33069,5),(1,33070,5),(1,33068,10),(1,33066,12),(1,33067,20);
/*!40000 ALTER TABLE `fact` ENABLE KEYS */;
UNLOCK TABLES;

--
-- Table structure for table `ratio`
--

DROP TABLE IF EXISTS `ratio`;
/*!40101 SET @saved_cs_client     = @@character_set_client */;
/*!40101 SET character_set_client = utf8 */;
CREATE TABLE `ratio` (
  `id` bigint(20) NOT NULL AUTO_INCREMENT,
  `name` text NOT NULL,
  PRIMARY KEY (`id`),
  FULLTEXT KEY `name` (`name`)
) ENGINE=InnoDB AUTO_INCREMENT=2 DEFAULT CHARSET=utf8;
/*!40101 SET character_set_client = @saved_cs_client */;

--
-- Dumping data for table `ratio`
--

LOCK TABLES `ratio` WRITE;
/*!40000 ALTER TABLE `ratio` DISABLE KEYS */;
INSERT INTO `ratio` VALUES (1,'Leistungstage');
/*!40000 ALTER TABLE `ratio` ENABLE KEYS */;
UNLOCK TABLES;

--
-- Table structure for table `ratio_relation`
--

DROP TABLE IF EXISTS `ratio_relation`;
/*!40101 SET @saved_cs_client     = @@character_set_client */;
/*!40101 SET character_set_client = utf8 */;
CREATE TABLE `ratio_relation` (
  `dependent_id` bigint(20) NOT NULL,
  `independent_id` bigint(20) NOT NULL,
  PRIMARY KEY (`dependent_id`,`independent_id`),
  KEY `dependent_ratio_idx` (`dependent_id`),
  KEY `independent_ratio_idx` (`independent_id`),
  CONSTRAINT `dependent_ratio` FOREIGN KEY (`dependent_id`) REFERENCES `ratio` (`id`) ON DELETE CASCADE ON UPDATE NO ACTION,
  CONSTRAINT `independent_ratio` FOREIGN KEY (`independent_id`) REFERENCES `ratio` (`id`) ON DELETE CASCADE ON UPDATE NO ACTION
) ENGINE=InnoDB DEFAULT CHARSET=utf8;
/*!40101 SET character_set_client = @saved_cs_client */;

--
-- Dumping data for table `ratio_relation`
--

LOCK TABLES `ratio_relation` WRITE;
/*!40000 ALTER TABLE `ratio_relation` DISABLE KEYS */;
/*!40000 ALTER TABLE `ratio_relation` ENABLE KEYS */;
UNLOCK TABLES;

--
-- Table structure for table `reference_object`
--

DROP TABLE IF EXISTS `reference_object`;
/*!40101 SET @saved_cs_client     = @@character_set_client */;
/*!40101 SET character_set_client = utf8 */;
CREATE TABLE `reference_object` (
  `id` bigint(20) NOT NULL AUTO_INCREMENT,
  `dimension_id` bigint(20) NOT NULL,
  `name` text NOT NULL,
  PRIMARY KEY (`id`),
  KEY `dimension_idx` (`dimension_id`),
  FULLTEXT KEY `name` (`name`),
  CONSTRAINT `dimension` FOREIGN KEY (`dimension_id`) REFERENCES `dimension` (`id`) ON DELETE CASCADE ON UPDATE NO ACTION
) ENGINE=InnoDB AUTO_INCREMENT=33071 DEFAULT CHARSET=utf8;
/*!40101 SET character_set_client = @saved_cs_client */;

--
-- Dumping data for table `reference_object`
--

LOCK TABLES `reference_object` WRITE;
/*!40000 ALTER TABLE `reference_object` DISABLE KEYS */;
INSERT INTO `reference_object` VALUES (31913,16,'2012'),(31914,17,'01/2012'),(31915,18,'01/01/2012'),(31916,18,'02/01/2012'),(31917,18,'03/01/2012'),(31918,18,'04/01/2012'),(31919,18,'05/01/2012'),(31920,18,'06/01/2012'),(31921,18,'07/01/2012'),(31922,18,'08/01/2012'),(31923,18,'09/01/2012'),(31924,18,'10/01/2012'),(31925,18,'11/01/2012'),(31926,18,'12/01/2012'),(31927,18,'13/01/2012'),(31928,18,'14/01/2012'),(31929,18,'15/01/2012'),(31930,18,'16/01/2012'),(31931,18,'17/01/2012'),(31932,18,'18/01/2012'),(31933,18,'19/01/2012'),(31934,18,'20/01/2012'),(31935,18,'21/01/2012'),(31936,18,'22/01/2012'),(31937,18,'23/01/2012'),(31938,18,'24/01/2012'),(31939,18,'25/01/2012'),(31940,18,'26/01/2012'),(31941,18,'27/01/2012'),(31942,18,'28/01/2012'),(31943,18,'29/01/2012'),(31944,18,'30/01/2012'),(31945,18,'31/01/2012'),(31946,17,'02/2012'),(31947,18,'01/02/2012'),(31948,18,'02/02/2012'),(31949,18,'03/02/2012'),(31950,18,'04/02/2012'),(31951,18,'05/02/2012'),(31952,18,'06/02/2012'),(31953,18,'07/02/2012'),(31954,18,'08/02/2012'),(31955,18,'09/02/2012'),(31956,18,'10/02/2012'),(31957,18,'11/02/2012'),(31958,18,'12/02/2012'),(31959,18,'13/02/2012'),(31960,18,'14/02/2012'),(31961,18,'15/02/2012'),(31962,18,'16/02/2012'),(31963,18,'17/02/2012'),(31964,18,'18/02/2012'),(31965,18,'19/02/2012'),(31966,18,'20/02/2012'),(31967,18,'21/02/2012'),(31968,18,'22/02/2012'),(31969,18,'23/02/2012'),(31970,18,'24/02/2012'),(31971,18,'25/02/2012'),(31972,18,'26/02/2012'),(31973,18,'27/02/2012'),(31974,18,'28/02/2012'),(31975,18,'29/02/2012'),(31976,17,'03/2012'),(31977,18,'01/03/2012'),(31978,18,'02/03/2012'),(31979,18,'03/03/2012'),(31980,18,'04/03/2012'),(31981,18,'05/03/2012'),(31982,18,'06/03/2012'),(31983,18,'07/03/2012'),(31984,18,'08/03/2012'),(31985,18,'09/03/2012'),(31986,18,'10/03/2012'),(31987,18,'11/03/2012'),(31988,18,'12/03/2012'),(31989,18,'13/03/2012'),(31990,18,'14/03/2012'),(31991,18,'15/03/2012'),(31992,18,'16/03/2012'),(31993,18,'17/03/2012'),(31994,18,'18/03/2012'),(31995,18,'19/03/2012'),(31996,18,'20/03/2012'),(31997,18,'21/03/2012'),(31998,18,'22/03/2012'),(31999,18,'23/03/2012'),(32000,18,'24/03/2012'),(32001,18,'25/03/2012'),(32002,18,'26/03/2012'),(32003,18,'27/03/2012'),(32004,18,'28/03/2012'),(32005,18,'29/03/2012'),(32006,18,'30/03/2012'),(32007,18,'31/03/2012'),(32008,17,'04/2012'),(32009,18,'01/04/2012'),(32010,18,'02/04/2012'),(32011,18,'03/04/2012'),(32012,18,'04/04/2012'),(32013,18,'05/04/2012'),(32014,18,'06/04/2012'),(32015,18,'07/04/2012'),(32016,18,'08/04/2012'),(32017,18,'09/04/2012'),(32018,18,'10/04/2012'),(32019,18,'11/04/2012'),(32020,18,'12/04/2012'),(32021,18,'13/04/2012'),(32022,18,'14/04/2012'),(32023,18,'15/04/2012'),(32024,18,'16/04/2012'),(32025,18,'17/04/2012'),(32026,18,'18/04/2012'),(32027,18,'19/04/2012'),(32028,18,'20/04/2012'),(32029,18,'21/04/2012'),(32030,18,'22/04/2012'),(32031,18,'23/04/2012'),(32032,18,'24/04/2012'),(32033,18,'25/04/2012'),(32034,18,'26/04/2012'),(32035,18,'27/04/2012'),(32036,18,'28/04/2012'),(32037,18,'29/04/2012'),(32038,18,'30/04/2012'),(32039,17,'05/2012'),(32040,18,'01/05/2012'),(32041,18,'02/05/2012'),(32042,18,'03/05/2012'),(32043,18,'04/05/2012'),(32044,18,'05/05/2012'),(32045,18,'06/05/2012'),(32046,18,'07/05/2012'),(32047,18,'08/05/2012'),(32048,18,'09/05/2012'),(32049,18,'10/05/2012'),(32050,18,'11/05/2012'),(32051,18,'12/05/2012'),(32052,18,'13/05/2012'),(32053,18,'14/05/2012'),(32054,18,'15/05/2012'),(32055,18,'16/05/2012'),(32056,18,'17/05/2012'),(32057,18,'18/05/2012'),(32058,18,'19/05/2012'),(32059,18,'20/05/2012'),(32060,18,'21/05/2012'),(32061,18,'22/05/2012'),(32062,18,'23/05/2012'),(32063,18,'24/05/2012'),(32064,18,'25/05/2012'),(32065,18,'26/05/2012'),(32066,18,'27/05/2012'),(32067,18,'28/05/2012'),(32068,18,'29/05/2012'),(32069,18,'30/05/2012'),(32070,18,'31/05/2012'),(32071,17,'06/2012'),(32072,18,'01/06/2012'),(32073,18,'02/06/2012'),(32074,18,'03/06/2012'),(32075,18,'04/06/2012'),(32076,18,'05/06/2012'),(32077,18,'06/06/2012'),(32078,18,'07/06/2012'),(32079,18,'08/06/2012'),(32080,18,'09/06/2012'),(32081,18,'10/06/2012'),(32082,18,'11/06/2012'),(32083,18,'12/06/2012'),(32084,18,'13/06/2012'),(32085,18,'14/06/2012'),(32086,18,'15/06/2012'),(32087,18,'16/06/2012'),(32088,18,'17/06/2012'),(32089,18,'18/06/2012'),(32090,18,'19/06/2012'),(32091,18,'20/06/2012'),(32092,18,'21/06/2012'),(32093,18,'22/06/2012'),(32094,18,'23/06/2012'),(32095,18,'24/06/2012'),(32096,18,'25/06/2012'),(32097,18,'26/06/2012'),(32098,18,'27/06/2012'),(32099,18,'28/06/2012'),(32100,18,'29/06/2012'),(32101,18,'30/06/2012'),(32102,17,'07/2012'),(32103,18,'01/07/2012'),(32104,18,'02/07/2012'),(32105,18,'03/07/2012'),(32106,18,'04/07/2012'),(32107,18,'05/07/2012'),(32108,18,'06/07/2012'),(32109,18,'07/07/2012'),(32110,18,'08/07/2012'),(32111,18,'09/07/2012'),(32112,18,'10/07/2012'),(32113,18,'11/07/2012'),(32114,18,'12/07/2012'),(32115,18,'13/07/2012'),(32116,18,'14/07/2012'),(32117,18,'15/07/2012'),(32118,18,'16/07/2012'),(32119,18,'17/07/2012'),(32120,18,'18/07/2012'),(32121,18,'19/07/2012'),(32122,18,'20/07/2012'),(32123,18,'21/07/2012'),(32124,18,'22/07/2012'),(32125,18,'23/07/2012'),(32126,18,'24/07/2012'),(32127,18,'25/07/2012'),(32128,18,'26/07/2012'),(32129,18,'27/07/2012'),(32130,18,'28/07/2012'),(32131,18,'29/07/2012'),(32132,18,'30/07/2012'),(32133,18,'31/07/2012'),(32134,17,'08/2012'),(32135,18,'01/08/2012'),(32136,18,'02/08/2012'),(32137,18,'03/08/2012'),(32138,18,'04/08/2012'),(32139,18,'05/08/2012'),(32140,18,'06/08/2012'),(32141,18,'07/08/2012'),(32142,18,'08/08/2012'),(32143,18,'09/08/2012'),(32144,18,'10/08/2012'),(32145,18,'11/08/2012'),(32146,18,'12/08/2012'),(32147,18,'13/08/2012'),(32148,18,'14/08/2012'),(32149,18,'15/08/2012'),(32150,18,'16/08/2012'),(32151,18,'17/08/2012'),(32152,18,'18/08/2012'),(32153,18,'19/08/2012'),(32154,18,'20/08/2012'),(32155,18,'21/08/2012'),(32156,18,'22/08/2012'),(32157,18,'23/08/2012'),(32158,18,'24/08/2012'),(32159,18,'25/08/2012'),(32160,18,'26/08/2012'),(32161,18,'27/08/2012'),(32162,18,'28/08/2012'),(32163,18,'29/08/2012'),(32164,18,'30/08/2012'),(32165,18,'31/08/2012'),(32166,17,'09/2012'),(32167,18,'01/09/2012'),(32168,18,'02/09/2012'),(32169,18,'03/09/2012'),(32170,18,'04/09/2012'),(32171,18,'05/09/2012'),(32172,18,'06/09/2012'),(32173,18,'07/09/2012'),(32174,18,'08/09/2012'),(32175,18,'09/09/2012'),(32176,18,'10/09/2012'),(32177,18,'11/09/2012'),(32178,18,'12/09/2012'),(32179,18,'13/09/2012'),(32180,18,'14/09/2012'),(32181,18,'15/09/2012'),(32182,18,'16/09/2012'),(32183,18,'17/09/2012'),(32184,18,'18/09/2012'),(32185,18,'19/09/2012'),(32186,18,'20/09/2012'),(32187,18,'21/09/2012'),(32188,18,'22/09/2012'),(32189,18,'23/09/2012'),(32190,18,'24/09/2012'),(32191,18,'25/09/2012'),(32192,18,'26/09/2012'),(32193,18,'27/09/2012'),(32194,18,'28/09/2012'),(32195,18,'29/09/2012'),(32196,18,'30/09/2012'),(32197,17,'10/2012'),(32198,18,'01/10/2012'),(32199,18,'02/10/2012'),(32200,18,'03/10/2012'),(32201,18,'04/10/2012'),(32202,18,'05/10/2012'),(32203,18,'06/10/2012'),(32204,18,'07/10/2012'),(32205,18,'08/10/2012'),(32206,18,'09/10/2012'),(32207,18,'10/10/2012'),(32208,18,'11/10/2012'),(32209,18,'12/10/2012'),(32210,18,'13/10/2012'),(32211,18,'14/10/2012'),(32212,18,'15/10/2012'),(32213,18,'16/10/2012'),(32214,18,'17/10/2012'),(32215,18,'18/10/2012'),(32216,18,'19/10/2012'),(32217,18,'20/10/2012'),(32218,18,'21/10/2012'),(32219,18,'22/10/2012'),(32220,18,'23/10/2012'),(32221,18,'24/10/2012'),(32222,18,'25/10/2012'),(32223,18,'26/10/2012'),(32224,18,'27/10/2012'),(32225,18,'28/10/2012'),(32226,18,'29/10/2012'),(32227,18,'30/10/2012'),(32228,18,'31/10/2012'),(32229,17,'11/2012'),(32230,18,'01/11/2012'),(32231,18,'02/11/2012'),(32232,18,'03/11/2012'),(32233,18,'04/11/2012'),(32234,18,'05/11/2012'),(32235,18,'06/11/2012'),(32236,18,'07/11/2012'),(32237,18,'08/11/2012'),(32238,18,'09/11/2012'),(32239,18,'10/11/2012'),(32240,18,'11/11/2012'),(32241,18,'12/11/2012'),(32242,18,'13/11/2012'),(32243,18,'14/11/2012'),(32244,18,'15/11/2012'),(32245,18,'16/11/2012'),(32246,18,'17/11/2012'),(32247,18,'18/11/2012'),(32248,18,'19/11/2012'),(32249,18,'20/11/2012'),(32250,18,'21/11/2012'),(32251,18,'22/11/2012'),(32252,18,'23/11/2012'),(32253,18,'24/11/2012'),(32254,18,'25/11/2012'),(32255,18,'26/11/2012'),(32256,18,'27/11/2012'),(32257,18,'28/11/2012'),(32258,18,'29/11/2012'),(32259,18,'30/11/2012'),(32260,17,'12/2012'),(32261,18,'01/12/2012'),(32262,18,'02/12/2012'),(32263,18,'03/12/2012'),(32264,18,'04/12/2012'),(32265,18,'05/12/2012'),(32266,18,'06/12/2012'),(32267,18,'07/12/2012'),(32268,18,'08/12/2012'),(32269,18,'09/12/2012'),(32270,18,'10/12/2012'),(32271,18,'11/12/2012'),(32272,18,'12/12/2012'),(32273,18,'13/12/2012'),(32274,18,'14/12/2012'),(32275,18,'15/12/2012'),(32276,18,'16/12/2012'),(32277,18,'17/12/2012'),(32278,18,'18/12/2012'),(32279,18,'19/12/2012'),(32280,18,'20/12/2012'),(32281,18,'21/12/2012'),(32282,18,'22/12/2012'),(32283,18,'23/12/2012'),(32284,18,'24/12/2012'),(32285,18,'25/12/2012'),(32286,18,'26/12/2012'),(32287,18,'27/12/2012'),(32288,18,'28/12/2012'),(32289,18,'29/12/2012'),(32290,18,'30/12/2012'),(32291,18,'31/12/2012'),(32292,16,'2013'),(32293,17,'01/2013'),(32294,18,'01/01/2013'),(32295,18,'02/01/2013'),(32296,18,'03/01/2013'),(32297,18,'04/01/2013'),(32298,18,'05/01/2013'),(32299,18,'06/01/2013'),(32300,18,'07/01/2013'),(32301,18,'08/01/2013'),(32302,18,'09/01/2013'),(32303,18,'10/01/2013'),(32304,18,'11/01/2013'),(32305,18,'12/01/2013'),(32306,18,'13/01/2013'),(32307,18,'14/01/2013'),(32308,18,'15/01/2013'),(32309,18,'16/01/2013'),(32310,18,'17/01/2013'),(32311,18,'18/01/2013'),(32312,18,'19/01/2013'),(32313,18,'20/01/2013'),(32314,18,'21/01/2013'),(32315,18,'22/01/2013'),(32316,18,'23/01/2013'),(32317,18,'24/01/2013'),(32318,18,'25/01/2013'),(32319,18,'26/01/2013'),(32320,18,'27/01/2013'),(32321,18,'28/01/2013'),(32322,18,'29/01/2013'),(32323,18,'30/01/2013'),(32324,18,'31/01/2013'),(32325,17,'02/2013'),(32326,18,'01/02/2013'),(32327,18,'02/02/2013'),(32328,18,'03/02/2013'),(32329,18,'04/02/2013'),(32330,18,'05/02/2013'),(32331,18,'06/02/2013'),(32332,18,'07/02/2013'),(32333,18,'08/02/2013'),(32334,18,'09/02/2013'),(32335,18,'10/02/2013'),(32336,18,'11/02/2013'),(32337,18,'12/02/2013'),(32338,18,'13/02/2013'),(32339,18,'14/02/2013'),(32340,18,'15/02/2013'),(32341,18,'16/02/2013'),(32342,18,'17/02/2013'),(32343,18,'18/02/2013'),(32344,18,'19/02/2013'),(32345,18,'20/02/2013'),(32346,18,'21/02/2013'),(32347,18,'22/02/2013'),(32348,18,'23/02/2013'),(32349,18,'24/02/2013'),(32350,18,'25/02/2013'),(32351,18,'26/02/2013'),(32352,18,'27/02/2013'),(32353,18,'28/02/2013'),(32354,17,'03/2013'),(32355,18,'01/03/2013'),(32356,18,'02/03/2013'),(32357,18,'03/03/2013'),(32358,18,'04/03/2013'),(32359,18,'05/03/2013'),(32360,18,'06/03/2013'),(32361,18,'07/03/2013'),(32362,18,'08/03/2013'),(32363,18,'09/03/2013'),(32364,18,'10/03/2013'),(32365,18,'11/03/2013'),(32366,18,'12/03/2013'),(32367,18,'13/03/2013'),(32368,18,'14/03/2013'),(32369,18,'15/03/2013'),(32370,18,'16/03/2013'),(32371,18,'17/03/2013'),(32372,18,'18/03/2013'),(32373,18,'19/03/2013'),(32374,18,'20/03/2013'),(32375,18,'21/03/2013'),(32376,18,'22/03/2013'),(32377,18,'23/03/2013'),(32378,18,'24/03/2013'),(32379,18,'25/03/2013'),(32380,18,'26/03/2013'),(32381,18,'27/03/2013'),(32382,18,'28/03/2013'),(32383,18,'29/03/2013'),(32384,18,'30/03/2013'),(32385,18,'31/03/2013'),(32386,17,'04/2013'),(32387,18,'01/04/2013'),(32388,18,'02/04/2013'),(32389,18,'03/04/2013'),(32390,18,'04/04/2013'),(32391,18,'05/04/2013'),(32392,18,'06/04/2013'),(32393,18,'07/04/2013'),(32394,18,'08/04/2013'),(32395,18,'09/04/2013'),(32396,18,'10/04/2013'),(32397,18,'11/04/2013'),(32398,18,'12/04/2013'),(32399,18,'13/04/2013'),(32400,18,'14/04/2013'),(32401,18,'15/04/2013'),(32402,18,'16/04/2013'),(32403,18,'17/04/2013'),(32404,18,'18/04/2013'),(32405,18,'19/04/2013'),(32406,18,'20/04/2013'),(32407,18,'21/04/2013'),(32408,18,'22/04/2013'),(32409,18,'23/04/2013'),(32410,18,'24/04/2013'),(32411,18,'25/04/2013'),(32412,18,'26/04/2013'),(32413,18,'27/04/2013'),(32414,18,'28/04/2013'),(32415,18,'29/04/2013'),(32416,18,'30/04/2013'),(32417,17,'05/2013'),(32418,18,'01/05/2013'),(32419,18,'02/05/2013'),(32420,18,'03/05/2013'),(32421,18,'04/05/2013'),(32422,18,'05/05/2013'),(32423,18,'06/05/2013'),(32424,18,'07/05/2013'),(32425,18,'08/05/2013'),(32426,18,'09/05/2013'),(32427,18,'10/05/2013'),(32428,18,'11/05/2013'),(32429,18,'12/05/2013'),(32430,18,'13/05/2013'),(32431,18,'14/05/2013'),(32432,18,'15/05/2013'),(32433,18,'16/05/2013'),(32434,18,'17/05/2013'),(32435,18,'18/05/2013'),(32436,18,'19/05/2013'),(32437,18,'20/05/2013'),(32438,18,'21/05/2013'),(32439,18,'22/05/2013'),(32440,18,'23/05/2013'),(32441,18,'24/05/2013'),(32442,18,'25/05/2013'),(32443,18,'26/05/2013'),(32444,18,'27/05/2013'),(32445,18,'28/05/2013'),(32446,18,'29/05/2013'),(32447,18,'30/05/2013'),(32448,18,'31/05/2013'),(32449,17,'06/2013'),(32450,18,'01/06/2013'),(32451,18,'02/06/2013'),(32452,18,'03/06/2013'),(32453,18,'04/06/2013'),(32454,18,'05/06/2013'),(32455,18,'06/06/2013'),(32456,18,'07/06/2013'),(32457,18,'08/06/2013'),(32458,18,'09/06/2013'),(32459,18,'10/06/2013'),(32460,18,'11/06/2013'),(32461,18,'12/06/2013'),(32462,18,'13/06/2013'),(32463,18,'14/06/2013'),(32464,18,'15/06/2013'),(32465,18,'16/06/2013'),(32466,18,'17/06/2013'),(32467,18,'18/06/2013'),(32468,18,'19/06/2013'),(32469,18,'20/06/2013'),(32470,18,'21/06/2013'),(32471,18,'22/06/2013'),(32472,18,'23/06/2013'),(32473,18,'24/06/2013'),(32474,18,'25/06/2013'),(32475,18,'26/06/2013'),(32476,18,'27/06/2013'),(32477,18,'28/06/2013'),(32478,18,'29/06/2013'),(32479,18,'30/06/2013'),(32480,17,'07/2013'),(32481,18,'01/07/2013'),(32482,18,'02/07/2013'),(32483,18,'03/07/2013'),(32484,18,'04/07/2013'),(32485,18,'05/07/2013'),(32486,18,'06/07/2013'),(32487,18,'07/07/2013'),(32488,18,'08/07/2013'),(32489,18,'09/07/2013'),(32490,18,'10/07/2013'),(32491,18,'11/07/2013'),(32492,18,'12/07/2013'),(32493,18,'13/07/2013'),(32494,18,'14/07/2013'),(32495,18,'15/07/2013'),(32496,18,'16/07/2013'),(32497,18,'17/07/2013'),(32498,18,'18/07/2013'),(32499,18,'19/07/2013'),(32500,18,'20/07/2013'),(32501,18,'21/07/2013'),(32502,18,'22/07/2013'),(32503,18,'23/07/2013'),(32504,18,'24/07/2013'),(32505,18,'25/07/2013'),(32506,18,'26/07/2013'),(32507,18,'27/07/2013'),(32508,18,'28/07/2013'),(32509,18,'29/07/2013'),(32510,18,'30/07/2013'),(32511,18,'31/07/2013'),(32512,17,'08/2013'),(32513,18,'01/08/2013'),(32514,18,'02/08/2013'),(32515,18,'03/08/2013'),(32516,18,'04/08/2013'),(32517,18,'05/08/2013'),(32518,18,'06/08/2013'),(32519,18,'07/08/2013'),(32520,18,'08/08/2013'),(32521,18,'09/08/2013'),(32522,18,'10/08/2013'),(32523,18,'11/08/2013'),(32524,18,'12/08/2013'),(32525,18,'13/08/2013'),(32526,18,'14/08/2013'),(32527,18,'15/08/2013'),(32528,18,'16/08/2013'),(32529,18,'17/08/2013'),(32530,18,'18/08/2013'),(32531,18,'19/08/2013'),(32532,18,'20/08/2013'),(32533,18,'21/08/2013'),(32534,18,'22/08/2013'),(32535,18,'23/08/2013'),(32536,18,'24/08/2013'),(32537,18,'25/08/2013'),(32538,18,'26/08/2013'),(32539,18,'27/08/2013'),(32540,18,'28/08/2013'),(32541,18,'29/08/2013'),(32542,18,'30/08/2013'),(32543,18,'31/08/2013'),(32544,17,'09/2013'),(32545,18,'01/09/2013'),(32546,18,'02/09/2013'),(32547,18,'03/09/2013'),(32548,18,'04/09/2013'),(32549,18,'05/09/2013'),(32550,18,'06/09/2013'),(32551,18,'07/09/2013'),(32552,18,'08/09/2013'),(32553,18,'09/09/2013'),(32554,18,'10/09/2013'),(32555,18,'11/09/2013'),(32556,18,'12/09/2013'),(32557,18,'13/09/2013'),(32558,18,'14/09/2013'),(32559,18,'15/09/2013'),(32560,18,'16/09/2013'),(32561,18,'17/09/2013'),(32562,18,'18/09/2013'),(32563,18,'19/09/2013'),(32564,18,'20/09/2013'),(32565,18,'21/09/2013'),(32566,18,'22/09/2013'),(32567,18,'23/09/2013'),(32568,18,'24/09/2013'),(32569,18,'25/09/2013'),(32570,18,'26/09/2013'),(32571,18,'27/09/2013'),(32572,18,'28/09/2013'),(32573,18,'29/09/2013'),(32574,18,'30/09/2013'),(32575,17,'10/2013'),(32576,18,'01/10/2013'),(32577,18,'02/10/2013'),(32578,18,'03/10/2013'),(32579,18,'04/10/2013'),(32580,18,'05/10/2013'),(32581,18,'06/10/2013'),(32582,18,'07/10/2013'),(32583,18,'08/10/2013'),(32584,18,'09/10/2013'),(32585,18,'10/10/2013'),(32586,18,'11/10/2013'),(32587,18,'12/10/2013'),(32588,18,'13/10/2013'),(32589,18,'14/10/2013'),(32590,18,'15/10/2013'),(32591,18,'16/10/2013'),(32592,18,'17/10/2013'),(32593,18,'18/10/2013'),(32594,18,'19/10/2013'),(32595,18,'20/10/2013'),(32596,18,'21/10/2013'),(32597,18,'22/10/2013'),(32598,18,'23/10/2013'),(32599,18,'24/10/2013'),(32600,18,'25/10/2013'),(32601,18,'26/10/2013'),(32602,18,'27/10/2013'),(32603,18,'28/10/2013'),(32604,18,'29/10/2013'),(32605,18,'30/10/2013'),(32606,18,'31/10/2013'),(32607,17,'11/2013'),(32608,18,'01/11/2013'),(32609,18,'02/11/2013'),(32610,18,'03/11/2013'),(32611,18,'04/11/2013'),(32612,18,'05/11/2013'),(32613,18,'06/11/2013'),(32614,18,'07/11/2013'),(32615,18,'08/11/2013'),(32616,18,'09/11/2013'),(32617,18,'10/11/2013'),(32618,18,'11/11/2013'),(32619,18,'12/11/2013'),(32620,18,'13/11/2013'),(32621,18,'14/11/2013'),(32622,18,'15/11/2013'),(32623,18,'16/11/2013'),(32624,18,'17/11/2013'),(32625,18,'18/11/2013'),(32626,18,'19/11/2013'),(32627,18,'20/11/2013'),(32628,18,'21/11/2013'),(32629,18,'22/11/2013'),(32630,18,'23/11/2013'),(32631,18,'24/11/2013'),(32632,18,'25/11/2013'),(32633,18,'26/11/2013'),(32634,18,'27/11/2013'),(32635,18,'28/11/2013'),(32636,18,'29/11/2013'),(32637,18,'30/11/2013'),(32638,17,'12/2013'),(32639,18,'01/12/2013'),(32640,18,'02/12/2013'),(32641,18,'03/12/2013'),(32642,18,'04/12/2013'),(32643,18,'05/12/2013'),(32644,18,'06/12/2013'),(32645,18,'07/12/2013'),(32646,18,'08/12/2013'),(32647,18,'09/12/2013'),(32648,18,'10/12/2013'),(32649,18,'11/12/2013'),(32650,18,'12/12/2013'),(32651,18,'13/12/2013'),(32652,18,'14/12/2013'),(32653,18,'15/12/2013'),(32654,18,'16/12/2013'),(32655,18,'17/12/2013'),(32656,18,'18/12/2013'),(32657,18,'19/12/2013'),(32658,18,'20/12/2013'),(32659,18,'21/12/2013'),(32660,18,'22/12/2013'),(32661,18,'23/12/2013'),(32662,18,'24/12/2013'),(32663,18,'25/12/2013'),(32664,18,'26/12/2013'),(32665,18,'27/12/2013'),(32666,18,'28/12/2013'),(32667,18,'29/12/2013'),(32668,18,'30/12/2013'),(32669,18,'31/12/2013'),(32670,16,'2014'),(32671,17,'01/2014'),(32672,18,'01/01/2014'),(32673,18,'02/01/2014'),(32674,18,'03/01/2014'),(32675,18,'04/01/2014'),(32676,18,'05/01/2014'),(32677,18,'06/01/2014'),(32678,18,'07/01/2014'),(32679,18,'08/01/2014'),(32680,18,'09/01/2014'),(32681,18,'10/01/2014'),(32682,18,'11/01/2014'),(32683,18,'12/01/2014'),(32684,18,'13/01/2014'),(32685,18,'14/01/2014'),(32686,18,'15/01/2014'),(32687,18,'16/01/2014'),(32688,18,'17/01/2014'),(32689,18,'18/01/2014'),(32690,18,'19/01/2014'),(32691,18,'20/01/2014'),(32692,18,'21/01/2014'),(32693,18,'22/01/2014'),(32694,18,'23/01/2014'),(32695,18,'24/01/2014'),(32696,18,'25/01/2014'),(32697,18,'26/01/2014'),(32698,18,'27/01/2014'),(32699,18,'28/01/2014'),(32700,18,'29/01/2014'),(32701,18,'30/01/2014'),(32702,18,'31/01/2014'),(32703,17,'02/2014'),(32704,18,'01/02/2014'),(32705,18,'02/02/2014'),(32706,18,'03/02/2014'),(32707,18,'04/02/2014'),(32708,18,'05/02/2014'),(32709,18,'06/02/2014'),(32710,18,'07/02/2014'),(32711,18,'08/02/2014'),(32712,18,'09/02/2014'),(32713,18,'10/02/2014'),(32714,18,'11/02/2014'),(32715,18,'12/02/2014'),(32716,18,'13/02/2014'),(32717,18,'14/02/2014'),(32718,18,'15/02/2014'),(32719,18,'16/02/2014'),(32720,18,'17/02/2014'),(32721,18,'18/02/2014'),(32722,18,'19/02/2014'),(32723,18,'20/02/2014'),(32724,18,'21/02/2014'),(32725,18,'22/02/2014'),(32726,18,'23/02/2014'),(32727,18,'24/02/2014'),(32728,18,'25/02/2014'),(32729,18,'26/02/2014'),(32730,18,'27/02/2014'),(32731,18,'28/02/2014'),(32732,17,'03/2014'),(32733,18,'01/03/2014'),(32734,18,'02/03/2014'),(32735,18,'03/03/2014'),(32736,18,'04/03/2014'),(32737,18,'05/03/2014'),(32738,18,'06/03/2014'),(32739,18,'07/03/2014'),(32740,18,'08/03/2014'),(32741,18,'09/03/2014'),(32742,18,'10/03/2014'),(32743,18,'11/03/2014'),(32744,18,'12/03/2014'),(32745,18,'13/03/2014'),(32746,18,'14/03/2014'),(32747,18,'15/03/2014'),(32748,18,'16/03/2014'),(32749,18,'17/03/2014'),(32750,18,'18/03/2014'),(32751,18,'19/03/2014'),(32752,18,'20/03/2014'),(32753,18,'21/03/2014'),(32754,18,'22/03/2014'),(32755,18,'23/03/2014'),(32756,18,'24/03/2014'),(32757,18,'25/03/2014'),(32758,18,'26/03/2014'),(32759,18,'27/03/2014'),(32760,18,'28/03/2014'),(32761,18,'29/03/2014'),(32762,18,'30/03/2014'),(32763,18,'31/03/2014'),(32764,17,'04/2014'),(32765,18,'01/04/2014'),(32766,18,'02/04/2014'),(32767,18,'03/04/2014'),(32768,18,'04/04/2014'),(32769,18,'05/04/2014'),(32770,18,'06/04/2014'),(32771,18,'07/04/2014'),(32772,18,'08/04/2014'),(32773,18,'09/04/2014'),(32774,18,'10/04/2014'),(32775,18,'11/04/2014'),(32776,18,'12/04/2014'),(32777,18,'13/04/2014'),(32778,18,'14/04/2014'),(32779,18,'15/04/2014'),(32780,18,'16/04/2014'),(32781,18,'17/04/2014'),(32782,18,'18/04/2014'),(32783,18,'19/04/2014'),(32784,18,'20/04/2014'),(32785,18,'21/04/2014'),(32786,18,'22/04/2014'),(32787,18,'23/04/2014'),(32788,18,'24/04/2014'),(32789,18,'25/04/2014'),(32790,18,'26/04/2014'),(32791,18,'27/04/2014'),(32792,18,'28/04/2014'),(32793,18,'29/04/2014'),(32794,18,'30/04/2014'),(32795,17,'05/2014'),(32796,18,'01/05/2014'),(32797,18,'02/05/2014'),(32798,18,'03/05/2014'),(32799,18,'04/05/2014'),(32800,18,'05/05/2014'),(32801,18,'06/05/2014'),(32802,18,'07/05/2014'),(32803,18,'08/05/2014'),(32804,18,'09/05/2014'),(32805,18,'10/05/2014'),(32806,18,'11/05/2014'),(32807,18,'12/05/2014'),(32808,18,'13/05/2014'),(32809,18,'14/05/2014'),(32810,18,'15/05/2014'),(32811,18,'16/05/2014'),(32812,18,'17/05/2014'),(32813,18,'18/05/2014'),(32814,18,'19/05/2014'),(32815,18,'20/05/2014'),(32816,18,'21/05/2014'),(32817,18,'22/05/2014'),(32818,18,'23/05/2014'),(32819,18,'24/05/2014'),(32820,18,'25/05/2014'),(32821,18,'26/05/2014'),(32822,18,'27/05/2014'),(32823,18,'28/05/2014'),(32824,18,'29/05/2014'),(32825,18,'30/05/2014'),(32826,18,'31/05/2014'),(32827,17,'06/2014'),(32828,18,'01/06/2014'),(32829,18,'02/06/2014'),(32830,18,'03/06/2014'),(32831,18,'04/06/2014'),(32832,18,'05/06/2014'),(32833,18,'06/06/2014'),(32834,18,'07/06/2014'),(32835,18,'08/06/2014'),(32836,18,'09/06/2014'),(32837,18,'10/06/2014'),(32838,18,'11/06/2014'),(32839,18,'12/06/2014'),(32840,18,'13/06/2014'),(32841,18,'14/06/2014'),(32842,18,'15/06/2014'),(32843,18,'16/06/2014'),(32844,18,'17/06/2014'),(32845,18,'18/06/2014'),(32846,18,'19/06/2014'),(32847,18,'20/06/2014'),(32848,18,'21/06/2014'),(32849,18,'22/06/2014'),(32850,18,'23/06/2014'),(32851,18,'24/06/2014'),(32852,18,'25/06/2014'),(32853,18,'26/06/2014'),(32854,18,'27/06/2014'),(32855,18,'28/06/2014'),(32856,18,'29/06/2014'),(32857,18,'30/06/2014'),(32858,17,'07/2014'),(32859,18,'01/07/2014'),(32860,18,'02/07/2014'),(32861,18,'03/07/2014'),(32862,18,'04/07/2014'),(32863,18,'05/07/2014'),(32864,18,'06/07/2014'),(32865,18,'07/07/2014'),(32866,18,'08/07/2014'),(32867,18,'09/07/2014'),(32868,18,'10/07/2014'),(32869,18,'11/07/2014'),(32870,18,'12/07/2014'),(32871,18,'13/07/2014'),(32872,18,'14/07/2014'),(32873,18,'15/07/2014'),(32874,18,'16/07/2014'),(32875,18,'17/07/2014'),(32876,18,'18/07/2014'),(32877,18,'19/07/2014'),(32878,18,'20/07/2014'),(32879,18,'21/07/2014'),(32880,18,'22/07/2014'),(32881,18,'23/07/2014'),(32882,18,'24/07/2014'),(32883,18,'25/07/2014'),(32884,18,'26/07/2014'),(32885,18,'27/07/2014'),(32886,18,'28/07/2014'),(32887,18,'29/07/2014'),(32888,18,'30/07/2014'),(32889,18,'31/07/2014'),(32890,17,'08/2014'),(32891,18,'01/08/2014'),(32892,18,'02/08/2014'),(32893,18,'03/08/2014'),(32894,18,'04/08/2014'),(32895,18,'05/08/2014'),(32896,18,'06/08/2014'),(32897,18,'07/08/2014'),(32898,18,'08/08/2014'),(32899,18,'09/08/2014'),(32900,18,'10/08/2014'),(32901,18,'11/08/2014'),(32902,18,'12/08/2014'),(32903,18,'13/08/2014'),(32904,18,'14/08/2014'),(32905,18,'15/08/2014'),(32906,18,'16/08/2014'),(32907,18,'17/08/2014'),(32908,18,'18/08/2014'),(32909,18,'19/08/2014'),(32910,18,'20/08/2014'),(32911,18,'21/08/2014'),(32912,18,'22/08/2014'),(32913,18,'23/08/2014'),(32914,18,'24/08/2014'),(32915,18,'25/08/2014'),(32916,18,'26/08/2014'),(32917,18,'27/08/2014'),(32918,18,'28/08/2014'),(32919,18,'29/08/2014'),(32920,18,'30/08/2014'),(32921,18,'31/08/2014'),(32922,17,'09/2014'),(32923,18,'01/09/2014'),(32924,18,'02/09/2014'),(32925,18,'03/09/2014'),(32926,18,'04/09/2014'),(32927,18,'05/09/2014'),(32928,18,'06/09/2014'),(32929,18,'07/09/2014'),(32930,18,'08/09/2014'),(32931,18,'09/09/2014'),(32932,18,'10/09/2014'),(32933,18,'11/09/2014'),(32934,18,'12/09/2014'),(32935,18,'13/09/2014'),(32936,18,'14/09/2014'),(32937,18,'15/09/2014'),(32938,18,'16/09/2014'),(32939,18,'17/09/2014'),(32940,18,'18/09/2014'),(32941,18,'19/09/2014'),(32942,18,'20/09/2014'),(32943,18,'21/09/2014'),(32944,18,'22/09/2014'),(32945,18,'23/09/2014'),(32946,18,'24/09/2014'),(32947,18,'25/09/2014'),(32948,18,'26/09/2014'),(32949,18,'27/09/2014'),(32950,18,'28/09/2014'),(32951,18,'29/09/2014'),(32952,18,'30/09/2014'),(32953,17,'10/2014'),(32954,18,'01/10/2014'),(32955,18,'02/10/2014'),(32956,18,'03/10/2014'),(32957,18,'04/10/2014'),(32958,18,'05/10/2014'),(32959,18,'06/10/2014'),(32960,18,'07/10/2014'),(32961,18,'08/10/2014'),(32962,18,'09/10/2014'),(32963,18,'10/10/2014'),(32964,18,'11/10/2014'),(32965,18,'12/10/2014'),(32966,18,'13/10/2014'),(32967,18,'14/10/2014'),(32968,18,'15/10/2014'),(32969,18,'16/10/2014'),(32970,18,'17/10/2014'),(32971,18,'18/10/2014'),(32972,18,'19/10/2014'),(32973,18,'20/10/2014'),(32974,18,'21/10/2014'),(32975,18,'22/10/2014'),(32976,18,'23/10/2014'),(32977,18,'24/10/2014'),(32978,18,'25/10/2014'),(32979,18,'26/10/2014'),(32980,18,'27/10/2014'),(32981,18,'28/10/2014'),(32982,18,'29/10/2014'),(32983,18,'30/10/2014'),(32984,18,'31/10/2014'),(32985,17,'11/2014'),(32986,18,'01/11/2014'),(32987,18,'02/11/2014'),(32988,18,'03/11/2014'),(32989,18,'04/11/2014'),(32990,18,'05/11/2014'),(32991,18,'06/11/2014'),(32992,18,'07/11/2014'),(32993,18,'08/11/2014'),(32994,18,'09/11/2014'),(32995,18,'10/11/2014'),(32996,18,'11/11/2014'),(32997,18,'12/11/2014'),(32998,18,'13/11/2014'),(32999,18,'14/11/2014'),(33000,18,'15/11/2014'),(33001,18,'16/11/2014'),(33002,18,'17/11/2014'),(33003,18,'18/11/2014'),(33004,18,'19/11/2014'),(33005,18,'20/11/2014'),(33006,18,'21/11/2014'),(33007,18,'22/11/2014'),(33008,18,'23/11/2014'),(33009,18,'24/11/2014'),(33010,18,'25/11/2014'),(33011,18,'26/11/2014'),(33012,18,'27/11/2014'),(33013,18,'28/11/2014'),(33014,18,'29/11/2014'),(33015,18,'30/11/2014'),(33016,17,'12/2014'),(33017,18,'01/12/2014'),(33018,18,'02/12/2014'),(33019,18,'03/12/2014'),(33020,18,'04/12/2014'),(33021,18,'05/12/2014'),(33022,18,'06/12/2014'),(33023,18,'07/12/2014'),(33024,18,'08/12/2014'),(33025,18,'09/12/2014'),(33026,18,'10/12/2014'),(33027,18,'11/12/2014'),(33028,18,'12/12/2014'),(33029,18,'13/12/2014'),(33030,18,'14/12/2014'),(33031,18,'15/12/2014'),(33032,18,'16/12/2014'),(33033,18,'17/12/2014'),(33034,18,'18/12/2014'),(33035,18,'19/12/2014'),(33036,18,'20/12/2014'),(33037,18,'21/12/2014'),(33038,18,'22/12/2014'),(33039,18,'23/12/2014'),(33040,18,'24/12/2014'),(33041,18,'25/12/2014'),(33042,18,'26/12/2014'),(33043,18,'27/12/2014'),(33044,18,'28/12/2014'),(33045,18,'29/12/2014'),(33046,18,'30/12/2014'),(33047,18,'31/12/2014'),(33048,19,'Buch.de'),(33049,19,'CHRIST'),(33050,19,'Dr. Oetker'),(33051,19,'INTERSPORT'),(33052,19,'Rewe'),(33053,19,'Tobit'),(33054,19,'Westfleisch'),(33055,20,'M端ller'),(33056,20,'Schmidt'),(33057,20,'Schneider'),(33058,20,'Fischer'),(33059,20,'Weber'),(33060,20,'Meyer'),(33061,20,'Wagner'),(33062,20,'Becker'),(33063,20,'Schulz'),(33064,20,'Hoffmann'),(33065,21,'WWS-Auswahl'),(33066,22,'WWS-Auswahl.INTERSPORT.M端ller.01/2013'),(33067,22,'WWS-Auswahl.INTERSPORT.Meyer.01/2013'),(33068,22,'WWS-Auswahl.INTERSPORT.Schmidt.01/2013'),(33069,22,'WWS-Auswahl.Westfleisch.M端ller.01/2013'),(33070,22,'WWS-Auswahl.INTERSPORT.M端ller.02/2013');
/*!40000 ALTER TABLE `reference_object` ENABLE KEYS */;
UNLOCK TABLES;

--
-- Table structure for table `reference_object_combination`
--

DROP TABLE IF EXISTS `reference_object_combination`;
/*!40101 SET @saved_cs_client     = @@character_set_client */;
/*!40101 SET character_set_client = utf8 */;
CREATE TABLE `reference_object_combination` (
  `aggregate_id` bigint(20) NOT NULL,
  `component_id` bigint(20) NOT NULL,
  PRIMARY KEY (`aggregate_id`,`component_id`),
  KEY `aggregate_reference_object_idx` (`aggregate_id`),
  KEY `component_reference_object_idx` (`component_id`),
  CONSTRAINT `aggregate_reference_object` FOREIGN KEY (`aggregate_id`) REFERENCES `reference_object` (`id`) ON DELETE CASCADE ON UPDATE NO ACTION,
  CONSTRAINT `component_reference_object` FOREIGN KEY (`component_id`) REFERENCES `reference_object` (`id`) ON DELETE CASCADE ON UPDATE NO ACTION
) ENGINE=InnoDB DEFAULT CHARSET=utf8;
/*!40101 SET character_set_client = @saved_cs_client */;

--
-- Dumping data for table `reference_object_combination`
--

LOCK TABLES `reference_object_combination` WRITE;
/*!40000 ALTER TABLE `reference_object_combination` DISABLE KEYS */;
INSERT INTO `reference_object_combination` VALUES (33066,32293),(33066,33051),(33066,33055),(33066,33065),(33067,32293),(33067,33051),(33067,33060),(33067,33065),(33068,32293),(33068,33051),(33068,33056),(33068,33065),(33069,32293),(33069,33054),(33069,33055),(33069,33065),(33070,32325),(33070,33051),(33070,33055),(33070,33065);
/*!40000 ALTER TABLE `reference_object_combination` ENABLE KEYS */;
UNLOCK TABLES;

--
-- Table structure for table `reference_object_hierarchy`
--

DROP TABLE IF EXISTS `reference_object_hierarchy`;
/*!40101 SET @saved_cs_client     = @@character_set_client */;
/*!40101 SET character_set_client = utf8 */;
CREATE TABLE `reference_object_hierarchy` (
  `parent_id` bigint(20) NOT NULL,
  `child_id` bigint(20) NOT NULL,
  PRIMARY KEY (`parent_id`,`child_id`),
  KEY `parent_reference_object_idx` (`parent_id`),
  KEY `child_reference_object_idx` (`child_id`),
  CONSTRAINT `child_reference_object` FOREIGN KEY (`child_id`) REFERENCES `reference_object` (`id`) ON DELETE CASCADE ON UPDATE NO ACTION,
  CONSTRAINT `parent_reference_object` FOREIGN KEY (`parent_id`) REFERENCES `reference_object` (`id`) ON DELETE CASCADE ON UPDATE NO ACTION
) ENGINE=InnoDB DEFAULT CHARSET=utf8;
/*!40101 SET character_set_client = @saved_cs_client */;

--
-- Dumping data for table `reference_object_hierarchy`
--

LOCK TABLES `reference_object_hierarchy` WRITE;
/*!40000 ALTER TABLE `reference_object_hierarchy` DISABLE KEYS */;
INSERT INTO `reference_object_hierarchy` VALUES (31913,31914),(31913,31946),(31913,31976),(31913,32008),(31913,32039),(31913,32071),(31913,32102),(31913,32134),(31913,32166),(31913,32197),(31913,32229),(31913,32260),(31914,31915),(31914,31916),(31914,31917),(31914,31918),(31914,31919),(31914,31920),(31914,31921),(31914,31922),(31914,31923),(31914,31924),(31914,31925),(31914,31926),(31914,31927),(31914,31928),(31914,31929),(31914,31930),(31914,31931),(31914,31932),(31914,31933),(31914,31934),(31914,31935),(31914,31936),(31914,31937),(31914,31938),(31914,31939),(31914,31940),(31914,31941),(31914,31942),(31914,31943),(31914,31944),(31914,31945),(31946,31947),(31946,31948),(31946,31949),(31946,31950),(31946,31951),(31946,31952),(31946,31953),(31946,31954),(31946,31955),(31946,31956),(31946,31957),(31946,31958),(31946,31959),(31946,31960),(31946,31961),(31946,31962),(31946,31963),(31946,31964),(31946,31965),(31946,31966),(31946,31967),(31946,31968),(31946,31969),(31946,31970),(31946,31971),(31946,31972),(31946,31973),(31946,31974),(31946,31975),(31976,31977),(31976,31978),(31976,31979),(31976,31980),(31976,31981),(31976,31982),(31976,31983),(31976,31984),(31976,31985),(31976,31986),(31976,31987),(31976,31988),(31976,31989),(31976,31990),(31976,31991),(31976,31992),(31976,31993),(31976,31994),(31976,31995),(31976,31996),(31976,31997),(31976,31998),(31976,31999),(31976,32000),(31976,32001),(31976,32002),(31976,32003),(31976,32004),(31976,32005),(31976,32006),(31976,32007),(32008,32009),(32008,32010),(32008,32011),(32008,32012),(32008,32013),(32008,32014),(32008,32015),(32008,32016),(32008,32017),(32008,32018),(32008,32019),(32008,32020),(32008,32021),(32008,32022),(32008,32023),(32008,32024),(32008,32025),(32008,32026),(32008,32027),(32008,32028),(32008,32029),(32008,32030),(32008,32031),(32008,32032),(32008,32033),(32008,32034),(32008,32035),(32008,32036),(32008,32037),(32008,32038),(32039,32040),(32039,32041),(32039,32042),(32039,32043),(32039,32044),(32039,32045),(32039,32046),(32039,32047),(32039,32048),(32039,32049),(32039,32050),(32039,32051),(32039,32052),(32039,32053),(32039,32054),(32039,32055),(32039,32056),(32039,32057),(32039,32058),(32039,32059),(32039,32060),(32039,32061),(32039,32062),(32039,32063),(32039,32064),(32039,32065),(32039,32066),(32039,32067),(32039,32068),(32039,32069),(32039,32070),(32071,32072),(32071,32073),(32071,32074),(32071,32075),(32071,32076),(32071,32077),(32071,32078),(32071,32079),(32071,32080),(32071,32081),(32071,32082),(32071,32083),(32071,32084),(32071,32085),(32071,32086),(32071,32087),(32071,32088),(32071,32089),(32071,32090),(32071,32091),(32071,32092),(32071,32093),(32071,32094),(32071,32095),(32071,32096),(32071,32097),(32071,32098),(32071,32099),(32071,32100),(32071,32101),(32102,32103),(32102,32104),(32102,32105),(32102,32106),(32102,32107),(32102,32108),(32102,32109),(32102,32110),(32102,32111),(32102,32112),(32102,32113),(32102,32114),(32102,32115),(32102,32116),(32102,32117),(32102,32118),(32102,32119),(32102,32120),(32102,32121),(32102,32122),(32102,32123),(32102,32124),(32102,32125),(32102,32126),(32102,32127),(32102,32128),(32102,32129),(32102,32130),(32102,32131),(32102,32132),(32102,32133),(32134,32135),(32134,32136),(32134,32137),(32134,32138),(32134,32139),(32134,32140),(32134,32141),(32134,32142),(32134,32143),(32134,32144),(32134,32145),(32134,32146),(32134,32147),(32134,32148),(32134,32149),(32134,32150),(32134,32151),(32134,32152),(32134,32153),(32134,32154),(32134,32155),(32134,32156),(32134,32157),(32134,32158),(32134,32159),(32134,32160),(32134,32161),(32134,32162),(32134,32163),(32134,32164),(32134,32165),(32166,32167),(32166,32168),(32166,32169),(32166,32170),(32166,32171),(32166,32172),(32166,32173),(32166,32174),(32166,32175),(32166,32176),(32166,32177),(32166,32178),(32166,32179),(32166,32180),(32166,32181),(32166,32182),(32166,32183),(32166,32184),(32166,32185),(32166,32186),(32166,32187),(32166,32188),(32166,32189),(32166,32190),(32166,32191),(32166,32192),(32166,32193),(32166,32194),(32166,32195),(32166,32196),(32197,32198),(32197,32199),(32197,32200),(32197,32201),(32197,32202),(32197,32203),(32197,32204),(32197,32205),(32197,32206),(32197,32207),(32197,32208),(32197,32209),(32197,32210),(32197,32211),(32197,32212),(32197,32213),(32197,32214),(32197,32215),(32197,32216),(32197,32217),(32197,32218),(32197,32219),(32197,32220),(32197,32221),(32197,32222),(32197,32223),(32197,32224),(32197,32225),(32197,32226),(32197,32227),(32197,32228),(32229,32230),(32229,32231),(32229,32232),(32229,32233),(32229,32234),(32229,32235),(32229,32236),(32229,32237),(32229,32238),(32229,32239),(32229,32240),(32229,32241),(32229,32242),(32229,32243),(32229,32244),(32229,32245),(32229,32246),(32229,32247),(32229,32248),(32229,32249),(32229,32250),(32229,32251),(32229,32252),(32229,32253),(32229,32254),(32229,32255),(32229,32256),(32229,32257),(32229,32258),(32229,32259),(32260,32261),(32260,32262),(32260,32263),(32260,32264),(32260,32265),(32260,32266),(32260,32267),(32260,32268),(32260,32269),(32260,32270),(32260,32271),(32260,32272),(32260,32273),(32260,32274),(32260,32275),(32260,32276),(32260,32277),(32260,32278),(32260,32279),(32260,32280),(32260,32281),(32260,32282),(32260,32283),(32260,32284),(32260,32285),(32260,32286),(32260,32287),(32260,32288),(32260,32289),(32260,32290),(32260,32291),(32292,32293),(32292,32325),(32292,32354),(32292,32386),(32292,32417),(32292,32449),(32292,32480),(32292,32512),(32292,32544),(32292,32575),(32292,32607),(32292,32638),(32293,32294),(32293,32295),(32293,32296),(32293,32297),(32293,32298),(32293,32299),(32293,32300),(32293,32301),(32293,32302),(32293,32303),(32293,32304),(32293,32305),(32293,32306),(32293,32307),(32293,32308),(32293,32309),(32293,32310),(32293,32311),(32293,32312),(32293,32313),(32293,32314),(32293,32315),(32293,32316),(32293,32317),(32293,32318),(32293,32319),(32293,32320),(32293,32321),(32293,32322),(32293,32323),(32293,32324),(32325,32326),(32325,32327),(32325,32328),(32325,32329),(32325,32330),(32325,32331),(32325,32332),(32325,32333),(32325,32334),(32325,32335),(32325,32336),(32325,32337),(32325,32338),(32325,32339),(32325,32340),(32325,32341),(32325,32342),(32325,32343),(32325,32344),(32325,32345),(32325,32346),(32325,32347),(32325,32348),(32325,32349),(32325,32350),(32325,32351),(32325,32352),(32325,32353),(32354,32355),(32354,32356),(32354,32357),(32354,32358),(32354,32359),(32354,32360),(32354,32361),(32354,32362),(32354,32363),(32354,32364),(32354,32365),(32354,32366),(32354,32367),(32354,32368),(32354,32369),(32354,32370),(32354,32371),(32354,32372),(32354,32373),(32354,32374),(32354,32375),(32354,32376),(32354,32377),(32354,32378),(32354,32379),(32354,32380),(32354,32381),(32354,32382),(32354,32383),(32354,32384),(32354,32385),(32386,32387),(32386,32388),(32386,32389),(32386,32390),(32386,32391),(32386,32392),(32386,32393),(32386,32394),(32386,32395),(32386,32396),(32386,32397),(32386,32398),(32386,32399),(32386,32400),(32386,32401),(32386,32402),(32386,32403),(32386,32404),(32386,32405),(32386,32406),(32386,32407),(32386,32408),(32386,32409),(32386,32410),(32386,32411),(32386,32412),(32386,32413),(32386,32414),(32386,32415),(32386,32416),(32417,32418),(32417,32419),(32417,32420),(32417,32421),(32417,32422),(32417,32423),(32417,32424),(32417,32425),(32417,32426),(32417,32427),(32417,32428),(32417,32429),(32417,32430),(32417,32431),(32417,32432),(32417,32433),(32417,32434),(32417,32435),(32417,32436),(32417,32437),(32417,32438),(32417,32439),(32417,32440),(32417,32441),(32417,32442),(32417,32443),(32417,32444),(32417,32445),(32417,32446),(32417,32447),(32417,32448),(32449,32450),(32449,32451),(32449,32452),(32449,32453),(32449,32454),(32449,32455),(32449,32456),(32449,32457),(32449,32458),(32449,32459),(32449,32460),(32449,32461),(32449,32462),(32449,32463),(32449,32464),(32449,32465),(32449,32466),(32449,32467),(32449,32468),(32449,32469),(32449,32470),(32449,32471),(32449,32472),(32449,32473),(32449,32474),(32449,32475),(32449,32476),(32449,32477),(32449,32478),(32449,32479),(32480,32481),(32480,32482),(32480,32483),(32480,32484),(32480,32485),(32480,32486),(32480,32487),(32480,32488),(32480,32489),(32480,32490),(32480,32491),(32480,32492),(32480,32493),(32480,32494),(32480,32495),(32480,32496),(32480,32497),(32480,32498),(32480,32499),(32480,32500),(32480,32501),(32480,32502),(32480,32503),(32480,32504),(32480,32505),(32480,32506),(32480,32507),(32480,32508),(32480,32509),(32480,32510),(32480,32511),(32512,32513),(32512,32514),(32512,32515),(32512,32516),(32512,32517),(32512,32518),(32512,32519),(32512,32520),(32512,32521),(32512,32522),(32512,32523),(32512,32524),(32512,32525),(32512,32526),(32512,32527),(32512,32528),(32512,32529),(32512,32530),(32512,32531),(32512,32532),(32512,32533),(32512,32534),(32512,32535),(32512,32536),(32512,32537),(32512,32538),(32512,32539),(32512,32540),(32512,32541),(32512,32542),(32512,32543),(32544,32545),(32544,32546),(32544,32547),(32544,32548),(32544,32549),(32544,32550),(32544,32551),(32544,32552),(32544,32553),(32544,32554),(32544,32555),(32544,32556),(32544,32557),(32544,32558),(32544,32559),(32544,32560),(32544,32561),(32544,32562),(32544,32563),(32544,32564),(32544,32565),(32544,32566),(32544,32567),(32544,32568),(32544,32569),(32544,32570),(32544,32571),(32544,32572),(32544,32573),(32544,32574),(32575,32576),(32575,32577),(32575,32578),(32575,32579),(32575,32580),(32575,32581),(32575,32582),(32575,32583),(32575,32584),(32575,32585),(32575,32586),(32575,32587),(32575,32588),(32575,32589),(32575,32590),(32575,32591),(32575,32592),(32575,32593),(32575,32594),(32575,32595),(32575,32596),(32575,32597),(32575,32598),(32575,32599),(32575,32600),(32575,32601),(32575,32602),(32575,32603),(32575,32604),(32575,32605),(32575,32606),(32607,32608),(32607,32609),(32607,32610),(32607,32611),(32607,32612),(32607,32613),(32607,32614),(32607,32615),(32607,32616),(32607,32617),(32607,32618),(32607,32619),(32607,32620),(32607,32621),(32607,32622),(32607,32623),(32607,32624),(32607,32625),(32607,32626),(32607,32627),(32607,32628),(32607,32629),(32607,32630),(32607,32631),(32607,32632),(32607,32633),(32607,32634),(32607,32635),(32607,32636),(32607,32637),(32638,32639),(32638,32640),(32638,32641),(32638,32642),(32638,32643),(32638,32644),(32638,32645),(32638,32646),(32638,32647),(32638,32648),(32638,32649),(32638,32650),(32638,32651),(32638,32652),(32638,32653),(32638,32654),(32638,32655),(32638,32656),(32638,32657),(32638,32658),(32638,32659),(32638,32660),(32638,32661),(32638,32662),(32638,32663),(32638,32664),(32638,32665),(32638,32666),(32638,32667),(32638,32668),(32638,32669),(32670,32671),(32670,32703),(32670,32732),(32670,32764),(32670,32795),(32670,32827),(32670,32858),(32670,32890),(32670,32922),(32670,32953),(32670,32985),(32670,33016),(32671,32672),(32671,32673),(32671,32674),(32671,32675),(32671,32676),(32671,32677),(32671,32678),(32671,32679),(32671,32680),(32671,32681),(32671,32682),(32671,32683),(32671,32684),(32671,32685),(32671,32686),(32671,32687),(32671,32688),(32671,32689),(32671,32690),(32671,32691),(32671,32692),(32671,32693),(32671,32694),(32671,32695),(32671,32696),(32671,32697),(32671,32698),(32671,32699),(32671,32700),(32671,32701),(32671,32702),(32703,32704),(32703,32705),(32703,32706),(32703,32707),(32703,32708),(32703,32709),(32703,32710),(32703,32711),(32703,32712),(32703,32713),(32703,32714),(32703,32715),(32703,32716),(32703,32717),(32703,32718),(32703,32719),(32703,32720),(32703,32721),(32703,32722),(32703,32723),(32703,32724),(32703,32725),(32703,32726),(32703,32727),(32703,32728),(32703,32729),(32703,32730),(32703,32731),(32732,32733),(32732,32734),(32732,32735),(32732,32736),(32732,32737),(32732,32738),(32732,32739),(32732,32740),(32732,32741),(32732,32742),(32732,32743),(32732,32744),(32732,32745),(32732,32746),(32732,32747),(32732,32748),(32732,32749),(32732,32750),(32732,32751),(32732,32752),(32732,32753),(32732,32754),(32732,32755),(32732,32756),(32732,32757),(32732,32758),(32732,32759),(32732,32760),(32732,32761),(32732,32762),(32732,32763),(32764,32765),(32764,32766),(32764,32767),(32764,32768),(32764,32769),(32764,32770),(32764,32771),(32764,32772),(32764,32773),(32764,32774),(32764,32775),(32764,32776),(32764,32777),(32764,32778),(32764,32779),(32764,32780),(32764,32781),(32764,32782),(32764,32783),(32764,32784),(32764,32785),(32764,32786),(32764,32787),(32764,32788),(32764,32789),(32764,32790),(32764,32791),(32764,32792),(32764,32793),(32764,32794),(32795,32796),(32795,32797),(32795,32798),(32795,32799),(32795,32800),(32795,32801),(32795,32802),(32795,32803),(32795,32804),(32795,32805),(32795,32806),(32795,32807),(32795,32808),(32795,32809),(32795,32810),(32795,32811),(32795,32812),(32795,32813),(32795,32814),(32795,32815),(32795,32816),(32795,32817),(32795,32818),(32795,32819),(32795,32820),(32795,32821),(32795,32822),(32795,32823),(32795,32824),(32795,32825),(32795,32826),(32827,32828),(32827,32829),(32827,32830),(32827,32831),(32827,32832),(32827,32833),(32827,32834),(32827,32835),(32827,32836),(32827,32837),(32827,32838),(32827,32839),(32827,32840),(32827,32841),(32827,32842),(32827,32843),(32827,32844),(32827,32845),(32827,32846),(32827,32847),(32827,32848),(32827,32849),(32827,32850),(32827,32851),(32827,32852),(32827,32853),(32827,32854),(32827,32855),(32827,32856),(32827,32857),(32858,32859),(32858,32860),(32858,32861),(32858,32862),(32858,32863),(32858,32864),(32858,32865),(32858,32866),(32858,32867),(32858,32868),(32858,32869),(32858,32870),(32858,32871),(32858,32872),(32858,32873),(32858,32874),(32858,32875),(32858,32876),(32858,32877),(32858,32878),(32858,32879),(32858,32880),(32858,32881),(32858,32882),(32858,32883),(32858,32884),(32858,32885),(32858,32886),(32858,32887),(32858,32888),(32858,32889),(32890,32891),(32890,32892),(32890,32893),(32890,32894),(32890,32895),(32890,32896),(32890,32897),(32890,32898),(32890,32899),(32890,32900),(32890,32901),(32890,32902),(32890,32903),(32890,32904),(32890,32905),(32890,32906),(32890,32907),(32890,32908),(32890,32909),(32890,32910),(32890,32911),(32890,32912),(32890,32913),(32890,32914),(32890,32915),(32890,32916),(32890,32917),(32890,32918),(32890,32919),(32890,32920),(32890,32921),(32922,32923),(32922,32924),(32922,32925),(32922,32926),(32922,32927),(32922,32928),(32922,32929),(32922,32930),(32922,32931),(32922,32932),(32922,32933),(32922,32934),(32922,32935),(32922,32936),(32922,32937),(32922,32938),(32922,32939),(32922,32940),(32922,32941),(32922,32942),(32922,32943),(32922,32944),(32922,32945),(32922,32946),(32922,32947),(32922,32948),(32922,32949),(32922,32950),(32922,32951),(32922,32952),(32953,32954),(32953,32955),(32953,32956),(32953,32957),(32953,32958),(32953,32959),(32953,32960),(32953,32961),(32953,32962),(32953,32963),(32953,32964),(32953,32965),(32953,32966),(32953,32967),(32953,32968),(32953,32969),(32953,32970),(32953,32971),(32953,32972),(32953,32973),(32953,32974),(32953,32975),(32953,32976),(32953,32977),(32953,32978),(32953,32979),(32953,32980),(32953,32981),(32953,32982),(32953,32983),(32953,32984),(32985,32986),(32985,32987),(32985,32988),(32985,32989),(32985,32990),(32985,32991),(32985,32992),(32985,32993),(32985,32994),(32985,32995),(32985,32996),(32985,32997),(32985,32998),(32985,32999),(32985,33000),(32985,33001),(32985,33002),(32985,33003),(32985,33004),(32985,33005),(32985,33006),(32985,33007),(32985,33008),(32985,33009),(32985,33010),(32985,33011),(32985,33012),(32985,33013),(32985,33014),(32985,33015),(33016,33017),(33016,33018),(33016,33019),(33016,33020),(33016,33021),(33016,33022),(33016,33023),(33016,33024),(33016,33025),(33016,33026),(33016,33027),(33016,33028),(33016,33029),(33016,33030),(33016,33031),(33016,33032),(33016,33033),(33016,33034),(33016,33035),(33016,33036),(33016,33037),(33016,33038),(33016,33039),(33016,33040),(33016,33041),(33016,33042),(33016,33043),(33016,33044),(33016,33045),(33016,33046),(33016,33047);
/*!40000 ALTER TABLE `reference_object_hierarchy` ENABLE KEYS */;
UNLOCK TABLES;

--
-- Dumping routines for database 'becker_warehouse'
--
/*!50003 DROP PROCEDURE IF EXISTS `fill_customer_dimension` */;
/*!50003 SET @saved_cs_client      = @@character_set_client */ ;
/*!50003 SET @saved_cs_results     = @@character_set_results */ ;
/*!50003 SET @saved_col_connection = @@collation_connection */ ;
/*!50003 SET character_set_client  = utf8 */ ;
/*!50003 SET character_set_results = utf8 */ ;
/*!50003 SET collation_connection  = utf8_general_ci */ ;
/*!50003 SET @saved_sql_mode       = @@sql_mode */ ;
/*!50003 SET sql_mode              = 'STRICT_TRANS_TABLES,NO_AUTO_CREATE_USER,NO_ENGINE_SUBSTITUTION' */ ;
DELIMITER ;;
CREATE DEFINER=`root`@`localhost` PROCEDURE `fill_customer_dimension`()
BEGIN
	DECLARE d_id BIGINT;

	INSERT INTO dimension (name) VALUES ('Kunde');
	SET d_id = LAST_INSERT_ID();

	INSERT INTO reference_object (dimension_id, name) VALUES (d_id, 'Buch.de');
	INSERT INTO reference_object (dimension_id, name) VALUES (d_id, 'CHRIST');
	INSERT INTO reference_object (dimension_id, name) VALUES (d_id, 'Dr. Oetker');
	INSERT INTO reference_object (dimension_id, name) VALUES (d_id, 'INTERSPORT');
	INSERT INTO reference_object (dimension_id, name) VALUES (d_id, 'Rewe');
	INSERT INTO reference_object (dimension_id, name) VALUES (d_id, 'Tobit');
	INSERT INTO reference_object (dimension_id, name) VALUES (d_id, 'Westfleisch');

END ;;
DELIMITER ;
/*!50003 SET sql_mode              = @saved_sql_mode */ ;
/*!50003 SET character_set_client  = @saved_cs_client */ ;
/*!50003 SET character_set_results = @saved_cs_results */ ;
/*!50003 SET collation_connection  = @saved_col_connection */ ;
/*!50003 DROP PROCEDURE IF EXISTS `fill_personnel_dimension` */;
/*!50003 SET @saved_cs_client      = @@character_set_client */ ;
/*!50003 SET @saved_cs_results     = @@character_set_results */ ;
/*!50003 SET @saved_col_connection = @@collation_connection */ ;
/*!50003 SET character_set_client  = utf8 */ ;
/*!50003 SET character_set_results = utf8 */ ;
/*!50003 SET collation_connection  = utf8_general_ci */ ;
/*!50003 SET @saved_sql_mode       = @@sql_mode */ ;
/*!50003 SET sql_mode              = 'STRICT_TRANS_TABLES,NO_AUTO_CREATE_USER,NO_ENGINE_SUBSTITUTION' */ ;
DELIMITER ;;
CREATE DEFINER=`root`@`localhost` PROCEDURE `fill_personnel_dimension`()
BEGIN
	DECLARE d_id BIGINT;

	INSERT INTO dimension (name) VALUES ('Personal');
	SET d_id = LAST_INSERT_ID();

	INSERT INTO reference_object (dimension_id, name) VALUES (d_id, 'M端ller');
	INSERT INTO reference_object (dimension_id, name) VALUES (d_id, 'Schmidt');
	INSERT INTO reference_object (dimension_id, name) VALUES (d_id, 'Schneider');
	INSERT INTO reference_object (dimension_id, name) VALUES (d_id, 'Fischer');
	INSERT INTO reference_object (dimension_id, name) VALUES (d_id, 'Weber');
	INSERT INTO reference_object (dimension_id, name) VALUES (d_id, 'Meyer');
	INSERT INTO reference_object (dimension_id, name) VALUES (d_id, 'Wagner');
	INSERT INTO reference_object (dimension_id, name) VALUES (d_id, 'Becker');
	INSERT INTO reference_object (dimension_id, name) VALUES (d_id, 'Schulz');
	INSERT INTO reference_object (dimension_id, name) VALUES (d_id, 'Hoffmann');

END ;;
DELIMITER ;
/*!50003 SET sql_mode              = @saved_sql_mode */ ;
/*!50003 SET character_set_client  = @saved_cs_client */ ;
/*!50003 SET character_set_results = @saved_cs_results */ ;
/*!50003 SET collation_connection  = @saved_col_connection */ ;
/*!50003 DROP PROCEDURE IF EXISTS `fill_product_dimension` */;
/*!50003 SET @saved_cs_client      = @@character_set_client */ ;
/*!50003 SET @saved_cs_results     = @@character_set_results */ ;
/*!50003 SET @saved_col_connection = @@collation_connection */ ;
/*!50003 SET character_set_client  = utf8 */ ;
/*!50003 SET character_set_results = utf8 */ ;
/*!50003 SET collation_connection  = utf8_general_ci */ ;
/*!50003 SET @saved_sql_mode       = @@sql_mode */ ;
/*!50003 SET sql_mode              = 'STRICT_TRANS_TABLES,NO_AUTO_CREATE_USER,NO_ENGINE_SUBSTITUTION' */ ;
DELIMITER ;;
CREATE DEFINER=`root`@`localhost` PROCEDURE `fill_product_dimension`()
BEGIN
	DECLARE d_id BIGINT;

	INSERT INTO dimension (name) VALUES ('Produkt');
	SET d_id = LAST_INSERT_ID();

	INSERT INTO reference_object (dimension_id, name) VALUES (d_id, 'WWS-Auswahl');

END ;;
DELIMITER ;
/*!50003 SET sql_mode              = @saved_sql_mode */ ;
/*!50003 SET character_set_client  = @saved_cs_client */ ;
/*!50003 SET character_set_results = @saved_cs_results */ ;
/*!50003 SET collation_connection  = @saved_col_connection */ ;
/*!50003 DROP PROCEDURE IF EXISTS `fill_time_dimension` */;
/*!50003 SET @saved_cs_client      = @@character_set_client */ ;
/*!50003 SET @saved_cs_results     = @@character_set_results */ ;
/*!50003 SET @saved_col_connection = @@collation_connection */ ;
/*!50003 SET character_set_client  = utf8 */ ;
/*!50003 SET character_set_results = utf8 */ ;
/*!50003 SET collation_connection  = utf8_general_ci */ ;
/*!50003 SET @saved_sql_mode       = @@sql_mode */ ;
/*!50003 SET sql_mode              = 'STRICT_TRANS_TABLES,NO_AUTO_CREATE_USER,NO_ENGINE_SUBSTITUTION' */ ;
DELIMITER ;;
CREATE DEFINER=`root`@`localhost` PROCEDURE `fill_time_dimension`()
BEGIN
	DECLARE year INT;
	DECLARE month INT;
	DECLARE day INT;

	DECLARE year_name TEXT;
	DECLARE month_name TEXT;
	DECLARE day_name TEXT;

	DECLARE d_year_id BIGINT;
	DECLARE d_month_id BIGINT;
	DECLARE d_day_id BIGINT;

	DECLARE ro_year_id BIGINT;
	DECLARE ro_month_id BIGINT;
	DECLARE ro_day_id BIGINT;

	INSERT INTO dimension (name) VALUES ('Jahr');
	SET d_year_id = LAST_INSERT_ID();
	INSERT INTO dimension (name) VALUES ('Monat');
	SET d_month_id = LAST_INSERT_ID();
	INSERT INTO dimension (name) VALUES ('Tag');
	SET d_day_id = LAST_INSERT_ID();

	INSERT INTO dimension_hierarchy (parent_id, child_id) VALUES (d_year_id, d_month_id);
	INSERT INTO dimension_hierarchy (parent_id, child_id) VALUES (d_month_id, d_day_id);

	SET year = 2012;
	WHILE year <= 2014 DO
		SET year_name = year;
		INSERT INTO reference_object (dimension_id, name) VALUES (d_year_id, year_name);
		SET ro_year_id = LAST_INSERT_ID();

		SET month = 1;
		WHILE month <= 12 DO
			SET month_name = CONCAT_WS('/', LPAD(month, 2, '0'), year_name);
			INSERT INTO reference_object (dimension_id, name) VALUES (d_month_id, month_name);
			SET ro_month_id = LAST_INSERT_ID();
			INSERT INTO reference_object_hierarchy (parent_id, child_id) VALUES (ro_year_id, ro_month_id);

			SET day = 1;
			WHILE day <= DAY(LAST_DAY(CONCAT_WS('-', year, month, 1))) DO
				SET day_name = CONCAT_WS('/', LPAD(day, 2, '0'), month_name);
				INSERT INTO reference_object (dimension_id, name) VALUES (d_day_id, day_name);
				SET ro_day_id = LAST_INSERT_ID();
				INSERT INTO reference_object_hierarchy (parent_id, child_id) VALUES (ro_month_id, ro_day_id);

				SET day = day + 1;
			END WHILE;
			SET month = month + 1;
		END WHILE;
		SET year = year + 1;
	END WHILE;
END ;;
DELIMITER ;
/*!50003 SET sql_mode              = @saved_sql_mode */ ;
/*!50003 SET character_set_client  = @saved_cs_client */ ;
/*!50003 SET character_set_results = @saved_cs_results */ ;
/*!50003 SET collation_connection  = @saved_col_connection */ ;
/*!40103 SET TIME_ZONE=@OLD_TIME_ZONE */;

/*!40101 SET SQL_MODE=@OLD_SQL_MODE */;
/*!40014 SET FOREIGN_KEY_CHECKS=@OLD_FOREIGN_KEY_CHECKS */;
/*!40014 SET UNIQUE_CHECKS=@OLD_UNIQUE_CHECKS */;
/*!40101 SET CHARACTER_SET_CLIENT=@OLD_CHARACTER_SET_CLIENT */;
/*!40101 SET CHARACTER_SET_RESULTS=@OLD_CHARACTER_SET_RESULTS */;
/*!40101 SET COLLATION_CONNECTION=@OLD_COLLATION_CONNECTION */;
/*!40111 SET SQL_NOTES=@OLD_SQL_NOTES */;

-- Dump completed on 2014-04-14 15:57:25
